{
  "portData": {
    "balance": 104388.32421993322,
    "total_pnl": -606.2338704549802
  }
}