{
  "trades": 0,
  "initialCapital": 104994.5580903882,
  "isCheater": false,
  "totalEquity": 104388.32421993322,
  "realizedPnL": -606.2338704549802,
  "totalPnL": -606.2338704549802,
  "meetsCondition": false
}